     shots,    errors,  discards, seconds,decoder,strong_id,json_metadata,custom_counts
    100000,         1,         0,   0.099,pymatching,a496479e9e93f36c188037f640def30121fd7be62cb2fc2d8beef34548fb4219,"{""d"":3,""p"":1e-05}",
    100000,         1,         0,   0.107,pymatching,ea9addde252d85ec4a2a2beb6a8cb2d91cb5c59df78a638069892b98abe8d4be,"{""d"":3,""p"":2.782559402207126e-05}",
    100000,        38,         0,   0.129,pymatching,eb84fbd714a8c02ed969c2667295fe518d87734ce1a1e594e12a13e7e7f52507,"{""d"":3,""p"":0.00035938136638046257}",
    100000,         9,         0,   0.123,pymatching,ae646e62f2a6e54fd481d16a7f2193dff65700216ec23cd9588c80060d23f976,"{""d"":3,""p"":0.00021544346900318823}",
    100000,         4,         0,   0.112,pymatching,866baaf58e4896c682aab21225d589d2779d769dd8ef670821755e761aaf34ac,"{""d"":3,""p"":7.742636826811278e-05}",
    100000,         0,         0,   0.107,pymatching,20f64c49c8b4cb8a28bc9cff5d0a06bf6c243583bd0442b7375668f0fda49dd1,"{""d"":3,""p"":1.6681005372000593e-05}",
    100000,         0,         0,   0.103,pymatching,e709b0308e423be56fc3b1a03c6d745c52c2e901aed447ae50c583c6e52304d4,"{""d"":3,""p"":4.641588833612782e-05}",
    100000,         5,         0,   0.114,pymatching,0aed8cbd815a2c294fa3bc52d2c1f4be456222fdd7f68cdf4b9e29ffdf1418e1,"{""d"":3,""p"":0.0001291549665014884}",
    100000,       123,         0,   0.178,pymatching,5534e31a2fe3defbbddda67c7ae460f3f337df0871fa984176a0e9ab413d82e4,"{""d"":3,""p"":0.0005994842503189409}",
    100000,       345,         0,   0.227,pymatching,029350ffa58a74d7e63aa509496d1d2abe991da6c90970d0ab34f2fe23408952,"{""d"":3,""p"":0.001}",
     46353,       509,         0,   0.140,pymatching,d367cd2d991360a90962cade3b861f40d44973152b89bc2cb77bc23d0f043146,"{""d"":3,""p"":0.0018128205128205128}",
    100000,       419,         0,   0.215,pymatching,c2dce7c74c33a46b7a6e56950958cee630c13119f36b51852357cfc899dbe543,"{""d"":3,""p"":0.0011}",
     75025,       505,         0,   0.176,pymatching,3243b3dac1c06ccb5cc33c770cc17353024c3eddee0dab1e05e16167f4536a73,"{""d"":3,""p"":0.0014564102564102565}",
     24849,       514,         0,   0.091,pymatching,da9b4438eeb666cc92263f90dee5cdeab0ed36814387feed3d2c983f5c3848dd,"{""d"":3,""p"":0.0025256410256410257}",
     32017,       502,         0,   0.101,pymatching,01ff497cefe1ec3f07e9dedfdf258308b21e1bf260f2f59c4aa3994afeb3e2c4,"{""d"":3,""p"":0.002169230769230769}",
     18705,       514,         0,   0.075,pymatching,cd6bca482dd0d53c2d752dff112efbe5e9ed0e6451f9a9c575dd9c75a38b007f,"{""d"":3,""p"":0.0028820512820512817}",
     14609,       501,         0,   0.060,pymatching,6a6a16bef8df0756e564e377273fbf30bc0b9574ccf007470354cc30da4cddcf,"{""d"":3,""p"":0.003238461538461538}",
     12561,       506,         0,   0.058,pymatching,9b4de6e3f76bb7bf917b6f11afa3e2564cbc73cc95945583d5ac01a1cc9c07c0,"{""d"":3,""p"":0.0035948717948717946}",
     10513,       504,         0,   0.052,pymatching,ae0817855ee117ad5dc9ae20a362ed087c881bb1d3dba379e89aff51eebb1e20,"{""d"":3,""p"":0.003951282051282051}",
      9489,       530,         0,   0.051,pymatching,61a7109e3559b13cbbb4a23b033295abdecf11d7037a4d3d631c8c5a040d8a8e,"{""d"":3,""p"":0.0043076923076923075}",
      9489,       557,         0,   0.057,pymatching,24cc9bab866ea5db98855d332886120632ef9c59da601cb580610b4ae4ef023d,"{""d"":3,""p"":0.004664102564102564}",
      7441,       540,         0,   0.046,pymatching,6ae873c1aa399a1b4101d4810a7ebf8f0bbb70a8c320dedaeba76ac7394f54ac,"{""d"":3,""p"":0.00502051282051282}",
      5393,       518,         0,   0.034,pymatching,88f79077ca6e7b3a35983f7068e06b88721f2473f26ac38c1ef0771d3d20d3f2,"{""d"":3,""p"":0.00608974358974359}",
      6417,       517,         0,   0.045,pymatching,8efa899349a26ab92e2e08b2de7b8dbd7e22698a3a3513f6320065d211ac5738,"{""d"":3,""p"":0.005376923076923077}",
      6417,       584,         0,   0.049,pymatching,20b32a0790361ddee007150882e019852e0707e69e1436b1e4f876dae8b05feb,"{""d"":3,""p"":0.005733333333333333}",
      4369,       514,         0,   0.034,pymatching,e3f5a440aa68b4c1d4250d411bd658bb7f3f68c62c4a991536ad667349546956,"{""d"":3,""p"":0.006446153846153846}",
      4369,       548,         0,   0.036,pymatching,dcb435e043e2b6ed6194f7f908fe7547135d91bef3ff707be1cd1f99887f2aa8,"{""d"":3,""p"":0.006802564102564103}",
      4369,       566,         0,   0.033,pymatching,08544976f4fd1f6adef394e8188f9b9d313c57789d876ea6d669ade4868c8f9f,"{""d"":3,""p"":0.007158974358974359}",
      4369,       630,         0,   0.048,pymatching,3c78a4ee1fb395d4142fa1b9275a5297d2d11d5e86de6d9c79c3ffa927eb72d0,"{""d"":3,""p"":0.007515384615384615}",
      3345,       514,         0,   0.030,pymatching,e3e9a59937121e74d9a68026190218aa572651a518a3f4963268ba9ccb065166,"{""d"":3,""p"":0.007871794871794872}",
      3345,       613,         0,   0.034,pymatching,808cfcb7e7ae2c11d472a1b0dda318fccca50cbe60d7392f546646f2b35bc1a8,"{""d"":3,""p"":0.008584615384615385}",
      3345,       546,         0,   0.035,pymatching,109590315419002d2f3afeae7c52a76d7b57d421e30879cc29dc8e43bc32fcd8,"{""d"":3,""p"":0.008228205128205128}",
      3345,       656,         0,   0.037,pymatching,349b305c6b6ae129e91699d0fc5c5894ef1d8b9f6d12226cb32a5aa5ee38f984,"{""d"":3,""p"":0.00894102564102564}",
      3345,       634,         0,   0.038,pymatching,66d6415da33b7ec017089e8dd55c38fc30fc4aef334dd92e0dae4e5fea8810dc,"{""d"":3,""p"":0.009297435897435898}",
      3345,       695,         0,   0.041,pymatching,0a2f7ec4bee38b3fbbb2281cfa310549c86a626fc2721c4747552b0e84ce03f6,"{""d"":3,""p"":0.009653846153846153}",
      2321,       537,         0,   0.024,pymatching,40c8f4ae7ad22ca71586131e8df69ced740e740ab4eb0ed316036d4f29fe9282,"{""d"":3,""p"":0.010010256410256409}",
      2321,       566,         0,   0.026,pymatching,ccabca61d8f8d9b060c9e9cd9f9aa30e6cb9f3207fa6c31ea32086f3fc649878,"{""d"":3,""p"":0.010366666666666666}",
      2321,       578,         0,   0.029,pymatching,e9d8ce8c75d802bcbf8ae06107463deaf7d6418c24f02870d6fa103648b0a4f6,"{""d"":3,""p"":0.010723076923076922}",
      2321,       613,         0,   0.040,pymatching,2dbf37ad95635417d0501bdf4fdb425dc9f50677d0a1e58a0503cc31e71c36f1,"{""d"":3,""p"":0.01107948717948718}",
      2321,       621,         0,   0.033,pymatching,d792a41a38b5c6128606689216d42c42e44abf2de59b3c7b2eb282f764c0ae66,"{""d"":3,""p"":0.011435897435897435}",
      2321,       575,         0,   0.030,pymatching,8c96f31a7038aa56b0f37edda0b0fc02cfb66548e579634ac003712e99e6500a,"{""d"":3,""p"":0.011792307692307692}",
      2321,       663,         0,   0.033,pymatching,d37a4c3ef1782ec329c836cb05b04a7f87005ec774c4049426243dc0ec90cf2a,"{""d"":3,""p"":0.012148717948717948}",
      2321,       680,         0,   0.039,pymatching,e818fc88b3849b425023089661a62870c6e21f8172e9da8c046d8461f2ab3d00,"{""d"":3,""p"":0.012505128205128205}",
      2321,       710,         0,   0.035,pymatching,daa768e188b93c74700adacea102fa1ffdd835db5964f8a11649081a17e72935,"{""d"":3,""p"":0.012861538461538462}",
      2321,       747,         0,   0.033,pymatching,48eab9aa096e5982c060d4dad4d5f7240aac67202ceb1b2095bc43051a41b32e,"{""d"":3,""p"":0.013217948717948718}",
      2321,       769,         0,   0.037,pymatching,cd47cf8042cd039c95bc477115fd9adb795f25b55bed67779b673860ba9119ea,"{""d"":3,""p"":0.013574358974358974}",
      2321,       789,         0,   0.043,pymatching,0edbe3a313d30383c5ad1379419138ec6b91113462ed19b52c1799b4ef0f75b7,"{""d"":3,""p"":0.01393076923076923}",
      2321,       812,         0,   0.052,pymatching,5093ee0f0e0444bd1e272e9d6eb619abe1d2600c500b03c745f0e2713f01d275,"{""d"":3,""p"":0.014287179487179487}",
      2321,       811,         0,   0.041,pymatching,9ebe6cb5caf281bfcab7b5128ab32dab5072e90ae1bbb1d74556e5b9322c9898,"{""d"":3,""p"":0.014999999999999998}",
      2321,       810,         0,   0.038,pymatching,da8a0e0bb0b4217ca1d55245b2cbe4f38c932532ea6f99c3f9aee8b84fa1b400,"{""d"":3,""p"":0.014643589743589744}",
    100000,         0,         0,   0.530,pymatching,35844a03248ef64f6d4676d3a12a06f04465e6b0267560be92a9ad3186714ca3,"{""d"":5,""p"":1e-05}",
    100000,         0,         0,   0.538,pymatching,28de3e1c76777d48fd91c06ca7b2e14221fc50fc7418735ebef2c899e88ce58b,"{""d"":5,""p"":1.6681005372000593e-05}",
    100000,         0,         0,   0.527,pymatching,4b07a8b50b2891369045c7b80fefe45c6acbd41af201241d72330ed1b7a3d5c7,"{""d"":5,""p"":2.782559402207126e-05}",
    100000,         0,         0,   0.674,pymatching,c6e15ee996054cda4010bee30d8d6df24c735255808952e0e2f93917c51f8736,"{""d"":5,""p"":0.00021544346900318823}",
    100000,         0,         0,   0.559,pymatching,5838337c8765a6e1f516df22c0844e9cfa096a408cb88e8f31a779e09cdd986e,"{""d"":5,""p"":4.641588833612782e-05}",
    100000,         0,         0,   0.590,pymatching,bc59594fae838f98f2033f9e5db7accb7704aae1adbd0deffdcc3d2d3892dc29,"{""d"":5,""p"":0.0001291549665014884}",
    100000,         1,         0,   0.534,pymatching,36fa5f327e9192e8a8c4b9bcb91fa9ce18fa8df2d4fb85126790f5531abb676c,"{""d"":5,""p"":7.742636826811278e-05}",
    100000,         1,         0,   0.720,pymatching,2a7d086fe9132552a3112b50da47e623806345222f0016474edb09c0a9313c1d,"{""d"":5,""p"":0.00035938136638046257}",
    100000,        55,         0,    1.18,pymatching,2a329ce7c8f3197dc59e91ada2a55d1b30dfe25b195e50a7a2f19b0adb58fbb9,"{""d"":5,""p"":0.001}",
    100000,        15,         0,   0.979,pymatching,88ba3b27105b6c3925450b4db4853578e16e47769147c40d0739530b00ba9ae3,"{""d"":5,""p"":0.0005994842503189409}",
    100000,        67,         0,    1.27,pymatching,2fca8ca0e87e0f400590afb79bcd9c91a044255089ab29c1e0a300ec4dedad01,"{""d"":5,""p"":0.0011}",
    100000,       182,         0,    1.57,pymatching,4a32740c72f6a3f138511526be6af8763f889c263625bacff40283cf0065e3f8,"{""d"":5,""p"":0.0014564102564102565}",
    100000,       314,         0,    1.73,pymatching,b5719c148284e47612c40009cfd3a4e77564d9243f2e68c2a9be17122566bd33,"{""d"":5,""p"":0.0018128205128205128}",
     89361,       502,         0,    1.78,pymatching,990cc7871aae68dd0b1b05b9ef4bb4c05f78e9ca47f816daefb9c1b353c049f4,"{""d"":5,""p"":0.002169230769230769}",
     56593,       503,         0,    1.28,pymatching,abdf5771f2ec26a04271b7c72d89b4a1ebbab029d9f0d2a755e5f374d1610646,"{""d"":5,""p"":0.0025256410256410257}",
     36113,       504,         0,   0.932,pymatching,d458299070528cab6192fd62a97e0d1be825a50056c0fb9ff4f29d5756490165,"{""d"":5,""p"":0.0028820512820512817}",
     28945,       509,         0,   0.885,pymatching,f302c2e18680821c8542a3926152e1e36fd1965652fb9ef9381d7df30d1d3810,"{""d"":5,""p"":0.003238461538461538}",
     18705,       512,         0,   0.574,pymatching,48df763cae09e5ff439a29d90baac583a5ea04b43771ae1e145307afdea9474d,"{""d"":5,""p"":0.0035948717948717946}",
     16657,       529,         0,   0.602,pymatching,eb202b78a43e28ce11bb7f0ff681d2051fc6668ac2cc7743024fd0af5c62656d,"{""d"":5,""p"":0.003951282051282051}",
     12561,       513,         0,   0.446,pymatching,e030a9c1d4a3e2acbddda33931d84bf6271f06677e030fb24a849faa6a5f371e,"{""d"":5,""p"":0.0043076923076923075}",
     10513,       542,         0,   0.441,pymatching,c52ed5006333f83c46a35b029d10212f78337b703975ed6426caa6af5407b53c,"{""d"":5,""p"":0.004664102564102564}",
      9489,       568,         0,   0.432,pymatching,b66a19ce350c39856442c0fb7a3675dfe6632dfd2b3282c64212933be924a5d0,"{""d"":5,""p"":0.00502051282051282}",
      7441,       560,         0,   0.364,pymatching,615d9c7360c014749078747e732fda37cd0ebfda839018ae8fa1f431f0586d63,"{""d"":5,""p"":0.005376923076923077}",
      6417,       587,         0,   0.305,pymatching,aa13bdb0021781929796e49871fe7f6e2c7bfe212ba889f1aada72b67d95e0c7,"{""d"":5,""p"":0.005733333333333333}",
      5393,       585,         0,   0.290,pymatching,f5c87b9b60f82925575e3910ca8731a4de2dc48cff005d1b4a8ffb059d294f1a,"{""d"":5,""p"":0.00608974358974359}",
      4369,       553,         0,   0.305,pymatching,c105a22ba210ee38b1a037bd0298b88c065d2d6f31f47cf5182973be0e961ecb,"{""d"":5,""p"":0.006446153846153846}",
      4369,       615,         0,   0.257,pymatching,ef6300a835a1caabaed96b7af4c11a44c7bd778e91f28ac0d4b89fa1f15d4a0f,"{""d"":5,""p"":0.006802564102564103}",
      3345,       509,         0,   0.215,pymatching,985456414734695a60a43728518b5a89a6ed7f4df39930b5152bda2e9df9fe5c,"{""d"":5,""p"":0.007158974358974359}",
      3345,       610,         0,   0.227,pymatching,43038cef3f624bfa4bf4efbe7b3a1630a6a4531ecc7720fa40a89842c458cbe9,"{""d"":5,""p"":0.007515384615384615}",
      3345,       669,         0,   0.246,pymatching,24f9de2f4dedb586f3bdcbe51dd3e3d59f88a6244c7d01c7a647ecb333318259,"{""d"":5,""p"":0.007871794871794872}",
      3345,       703,         0,   0.286,pymatching,bd17db55f2eb6988dafd530a2e27eb59b68d89e0616401bf0bc18121191392a6,"{""d"":5,""p"":0.008228205128205128}",
      2321,       542,         0,   0.193,pymatching,0e512276e7e40fee70ac8650be6a33f29caa387a117c06a858d8688e1e02f1cb,"{""d"":5,""p"":0.008584615384615385}",
      2321,       548,         0,   0.197,pymatching,6140129a3ce03df0e0df959b3a17f5599e97817a13a888949107433e16f365e4,"{""d"":5,""p"":0.00894102564102564}",
      2321,       655,         0,   0.215,pymatching,9ccb4663e083cb8067f053850fd755eb817e7573f366b19014515c54990fd4e6,"{""d"":5,""p"":0.009297435897435898}",
      2321,       699,         0,   0.221,pymatching,f216ebfe08d5d3db9f47007fee18d5673cd30bef5d8b66caa3f54387cc9f5ab6,"{""d"":5,""p"":0.009653846153846153}",
      2321,       715,         0,   0.231,pymatching,d4927efc223f3431f92cee90a5d28b5811e1ee8ba66dee7e087ae24f57ba31c9,"{""d"":5,""p"":0.010010256410256409}",
      2321,       765,         0,   0.254,pymatching,ee1edb4b717940bd1ad58e67b4285fdf1de74bf7195d6b54729ee2cb2ffb5864,"{""d"":5,""p"":0.010366666666666666}",
      2321,       811,         0,   0.235,pymatching,47cf19752e5e735a03bf2dd238fdeb1af1b8c23611eb4ad486fda1635d4470ab,"{""d"":5,""p"":0.010723076923076922}",
      2321,       856,         0,   0.262,pymatching,31b50c32697f5752de62c5cb52797c2aa1fa5ed1b30770b951ee7a5aa06a2099,"{""d"":5,""p"":0.01107948717948718}",
      2321,       869,         0,   0.304,pymatching,27a8ea33e2b95ab13083bbc144d15eb1af70bd2a6ebbf0cadb1b324a1113674e,"{""d"":5,""p"":0.011435897435897435}",
      1297,       520,         0,   0.168,pymatching,a85ebcbdcce6cdf1a177efe01ae0c585ba62e5581d6dfca413d1b0c6db4dd050,"{""d"":5,""p"":0.011792307692307692}",
      1297,       536,         0,   0.180,pymatching,79e4d675a834f5af65be189782902d7ef242c3b19509a153a6fe0fc3b5ff5723,"{""d"":5,""p"":0.012148717948717948}",
      1297,       552,         0,   0.171,pymatching,18120d89b07ebf8e8bdccc0c5bf807a4282c55e622643abfec8a71cd8385c568,"{""d"":5,""p"":0.012505128205128205}",
      1297,       533,         0,   0.180,pymatching,a1a0c405c8b5541d3bfd25c8c163ef068a804bce28010292e48bff795ce3c658,"{""d"":5,""p"":0.012861538461538462}",
      1297,       544,         0,   0.186,pymatching,6dfe35bc518a9b38cf990d42006a6dc6737dede121820a7b67180c40f881889d,"{""d"":5,""p"":0.013217948717948718}",
      1297,       589,         0,   0.205,pymatching,a704867938405d043ab780f10d0ed5d6699bd893bd5034a7ca964b76de23077c,"{""d"":5,""p"":0.013574358974358974}",
      1297,       577,         0,   0.275,pymatching,1567c3e46592f72cd05e6d88e162a9631cf6a51be8d37a910cb443b88905e1ae,"{""d"":5,""p"":0.01393076923076923}",
      1297,       602,         0,   0.205,pymatching,dd02606c197e0fa31756c197c26c1cebc21e9601ae9eaf3c856f0df3dff29d72,"{""d"":5,""p"":0.014287179487179487}",
      1297,       601,         0,   0.208,pymatching,ea2a09de566c5aea75c60fec35f3adf2f55148cf77a5dd5600e38df4e1a143e7,"{""d"":5,""p"":0.014643589743589744}",
      1297,       569,         0,   0.230,pymatching,f8c10de295d59bdb0197c069aad25e89692d1620a8b29ee3a90a7b3d8edba4cd,"{""d"":5,""p"":0.014999999999999998}",
    100000,         0,         0,    1.50,pymatching,1e409c54e502ed1514719b3fc12dec0c552445cb37394ee0aa4e7d59cfbab005,"{""d"":7,""p"":1e-05}",
    100000,         0,         0,    1.53,pymatching,8e18e79807413528b787be8cd38123ddc5bda0e11459027ddb7e66c5a5ce700f,"{""d"":7,""p"":1.6681005372000593e-05}",
    100000,         0,         0,    1.53,pymatching,0c958e8b34018aee5f131ea364841f4e9d4189a930e19d50560aa32b825ebeca,"{""d"":7,""p"":2.782559402207126e-05}",
    100000,         0,         0,    1.62,pymatching,f78d91682c957813e499e9e4a07fde2fa6a4f80c7adcf4c2d0830865ff14027b,"{""d"":7,""p"":4.641588833612782e-05}",
    100000,         0,         0,    1.82,pymatching,c9ad74b4b023d1dc7c90fdaef8c75c5bc3504ac22e5b0fe80b17490e98841452,"{""d"":7,""p"":7.742636826811278e-05}",
    100000,         0,         0,    1.94,pymatching,4d957aea223b136d50ea4c9a2561a8f09553bf6871503df1b37d47f27f09612c,"{""d"":7,""p"":0.0001291549665014884}",
    100000,         0,         0,    2.37,pymatching,da7371a03b8300996d1f8c26012c42889a581a7bca0b33e227c98944d8aef576,"{""d"":7,""p"":0.00035938136638046257}",
    100000,         0,         0,    2.01,pymatching,305f3adf4810d43bd585112a683747a03a82738eddca6767a1eacbf2a59c8907,"{""d"":7,""p"":0.00021544346900318823}",
    100000,         0,         0,    2.85,pymatching,481280aeee3255aed575ddce279b985a10ef35e6ee8ae6dcaf5fa52933bc17b3,"{""d"":7,""p"":0.0005994842503189409}",
    100000,         9,         0,    3.48,pymatching,cfd930696c2c945b6e21e9114d91f5eb8f9f7099347d241c4f8f66964b0cf84f,"{""d"":7,""p"":0.001}",
    100000,        10,         0,    4.02,pymatching,e6611a6543dcef4cd9b3432dcceca9a2d84eac013a59f0437da7cf1de40308f5,"{""d"":7,""p"":0.0011}",
    100000,        20,         0,    4.94,pymatching,fe15c84a98b81362ccdeae75310ed357a4fe06a28e71c34917bc2ecbd20ef4b0,"{""d"":7,""p"":0.0014564102564102565}",
    100000,        68,         0,    5.58,pymatching,9174af974d52018b6e778998a49597354f4bfc9c938af2eca4ae12f8925b4f01,"{""d"":7,""p"":0.0018128205128205128}",
    100000,       150,         0,    6.43,pymatching,e8e40bcdbb1cd55ac87afe2a9d6b00e73d998cb3d6b569f9db161ebc5f447d9f,"{""d"":7,""p"":0.002169230769230769}",
    100000,       294,         0,    7.50,pymatching,e3573e617e7f1fcddc2d740e3a7f9f0fe012eecb9662d555e525eacdaf4752d9,"{""d"":7,""p"":0.0025256410256410257}",
    100000,       497,         0,    8.55,pymatching,c1954026cdddb7bcd0a70295e6d972b60562f56ff3c66e07c836ce4dd242e612,"{""d"":7,""p"":0.0028820512820512817}",
     63761,       503,         0,    6.31,pymatching,22f6016cd7e7d4fc83bd0c924f07980ad33b8494a4854624bf4aa64ba9d9eda7,"{""d"":7,""p"":0.003238461538461538}",
     45329,       517,         0,    5.02,pymatching,d83c360a525ee498bca5a3b531b549fa732047ebaa58a662014746c98d8f5ac1,"{""d"":7,""p"":0.0035948717948717946}",
     29969,       512,         0,    3.56,pymatching,6833aafd385b8f2247647a3e5aba0396082f68fac6a2840f360986ecb2385c11,"{""d"":7,""p"":0.003951282051282051}",
     18705,       505,         0,    2.56,pymatching,6f28b9a6ad3061c7be83f2be7971a7c0e7f1f8322fa60a3d42e9b0533ec1fa60,"{""d"":7,""p"":0.0043076923076923075}",
     16657,       516,         0,    2.41,pymatching,0256bfe0dc100bb6fb60ad85feb5c10b712318bf55f422aef5c1566012ee3fb7,"{""d"":7,""p"":0.004664102564102564}",
     12561,       541,         0,    1.91,pymatching,7019eeaae7023528bcf781bd7f36580da039654b05f3fa40dc38accd3166dfeb,"{""d"":7,""p"":0.00502051282051282}",
      7441,       546,         0,    1.48,pymatching,7daca563bb024d570603a2279106bfa9570e4fbd51c6cb5b41fa6710fa36c072,"{""d"":7,""p"":0.005733333333333333}",
      8465,       504,         0,    1.48,pymatching,a5df6e7763d9d4a1c07a476faeefd73cbb54dc06f7546207947e601436a5528c,"{""d"":7,""p"":0.005376923076923077}",
      5393,       517,         0,    1.11,pymatching,7f30032271b570467222c53f97e642b642673f01cd89d946556140b1394091c1,"{""d"":7,""p"":0.00608974358974359}",
      5257,       604,         0,    1.17,pymatching,7d3a8376965a69237d5d165632653a169dd52ffa2b528d9507399421c689f8e5,"{""d"":7,""p"":0.006446153846153846}",
      4369,       598,         0,   0.984,pymatching,09ede2b1db73d3a98758c713265d8d6b6813cb8ce6998f04e47778bd67a5073c,"{""d"":7,""p"":0.006802564102564103}",
      3345,       510,         0,   0.963,pymatching,5eec31d78834c6e6c3ee558cfc18de1311ebb2c410f87f40d0375dda174c1b59,"{""d"":7,""p"":0.007158974358974359}",
      3345,       616,         0,   0.973,pymatching,06ee11a01af5aeddb91c6d5ac748253c6e3fd9a339e61508c10295b6b78cd4de,"{""d"":7,""p"":0.007515384615384615}",
      2321,       514,         0,   0.638,pymatching,ae31d4d59fae4e9228a8efaa6c57c200a3f4a1b7e1b81b9673ae4aec15384b7a,"{""d"":7,""p"":0.007871794871794872}",
      2321,       516,         0,   0.763,pymatching,70098e07cc7e27a282df8cf1042821ea9b5baea354d11f50e20da4174a929ef1,"{""d"":7,""p"":0.008228205128205128}",
      2321,       593,         0,   0.767,pymatching,476eec7ed042a4447962baca579bb83094852d791f921f70ab6e5c85e62eba35,"{""d"":7,""p"":0.008584615384615385}",
      2321,       673,         0,   0.771,pymatching,d7b509538cd4d4ce41eb9c3d392173255135542354901be5c372cd733dabb34f,"{""d"":7,""p"":0.00894102564102564}",
      2321,       772,         0,   0.914,pymatching,5a8a61e4c0295ab5dd941beb771ef06158327048990b34bd9bef5a115b639ae1,"{""d"":7,""p"":0.009297435897435898}",
      2321,       792,         0,   0.962,pymatching,6f71ebb7fd24991996ca41d9c07cf35073de5c07bd215c77b254824b035034e2,"{""d"":7,""p"":0.009653846153846153}",
      2321,       896,         0,   0.915,pymatching,99511c4087b7128690fef951fbbc67e71103180152568cea220eed17eda698d8,"{""d"":7,""p"":0.010010256410256409}",
      2321,       901,         0,    1.04,pymatching,bc2490ec615467c4c12cfd0a6adae01c6a958973ad8c16067338b6b4e1b29e7f,"{""d"":7,""p"":0.010366666666666666}",
      1297,       539,         0,   0.650,pymatching,16ff5cd334b728d6d516291d92b2ba7f7536e2c7a25de362d40b7151e0d408a8,"{""d"":7,""p"":0.010723076923076922}",
      1809,       804,         0,   0.948,pymatching,544a03df5192e383c380fad0d439c186d1ee047063d5da8a43ef3ef3e4c0444a,"{""d"":7,""p"":0.01107948717948718}",
      1297,       560,         0,   0.597,pymatching,55cbbde14bda411fb33626fb438c0a72c4f05b68addc9f9ef4aaed3dbfb022be,"{""d"":7,""p"":0.011435897435897435}",
      1297,       569,         0,   0.665,pymatching,80d93abd64cf26f168dc7181e399d5174f59d2c0dfa187c064194072aff5ab27,"{""d"":7,""p"":0.011792307692307692}",
      1297,       597,         0,   0.716,pymatching,2967532eb962e9d300707a3e94aaa3532f16da798de9819f58fad15d88a4a716,"{""d"":7,""p"":0.012148717948717948}",
      1297,       619,         0,   0.704,pymatching,5b699364c34ad305203d88be7fda969b23e0ea5ea9faacd148b2e94be4be0218,"{""d"":7,""p"":0.012505128205128205}",
      1297,       631,         0,   0.726,pymatching,163edadedbf1547dc7586b0767a621cdcee4818b0d8bce2a6b2ee807afa7f46a,"{""d"":7,""p"":0.013217948717948718}",
      1297,       621,         0,   0.754,pymatching,c74539430c167f19db7337282a491dbc2ffd5055b349ecd7229ea7fec7008132,"{""d"":7,""p"":0.012861538461538462}",
      1297,       617,         0,   0.816,pymatching,6de938256d98410e2675b3068d0bcfa93f5018b79d87fedb4000f392baaa6428,"{""d"":7,""p"":0.013574358974358974}",
      1297,       626,         0,   0.895,pymatching,39c440a7c72f3ffc43d9f5742f421ab2f3ebafd6adef93474f372c8211c62f99,"{""d"":7,""p"":0.01393076923076923}",
      1297,       606,         0,   0.891,pymatching,aac99b2cc59379cf676626f4dfc3935b951a2abc61f63a32f9fe6d1a2db9b51c,"{""d"":7,""p"":0.014287179487179487}",
      1298,       632,         0,   0.940,pymatching,bdb11e3875170a0fde5cdae1e41c39a2defc2934f125108dc0932d1899935484,"{""d"":7,""p"":0.014643589743589744}",
      2083,      1025,         0,    1.44,pymatching,f02dadb552b75f7b144fe567b64b9fa3f73d4d0046e283ab1aecf0e2b8b069dc,"{""d"":7,""p"":0.014999999999999998}",
